,company_name,phone,email
0,None,866-891-3863,None
1,A 1 Termite & Pest Control Inc,213-388-4506,mikemhnam@aol.com
2,A-1 Fumigation Inc.,562-866-7535,a-1fumigation@verizon.net
3,"Access Exterminator Service, Inc.",714-630-6310,russ@accessext.com
4,Admiral Pest Control Inc,562-925-8308,jeff@admiralpest.com
5,Ag-Fume Service Inc,562-803-0256,agfume@flash.net
6,Algon Exterminating Co,619-561-1991,merry@algonpest.com
7,Assured Audit Pest Prevention,909-767-8940,joe@assuredaudit.com
8,BG Inspections & Pest Control,707-410-7907,beetleman@comcast.net
9,"BPC, Inc",805-650-6828,pat@bpcx.com
10,"Brezden Pest Control, Inc.",805-544-9446,sales@brezdenpest.com
11,"Bugman Termite & PC, The",714-992-1292,brian@thebugman.com
12,C H Boddie Pest Control Inc.,310-839-9270,carlton@boddiepestmanagement.com
13,Cal State Termite & Pest Ctl,559-896-9320,None
14,California Pest Control,209-992-1190,calpestcontrol@gmail.com
15,Cascade Pest Systems,707-446-7760,michael@cascadepestsystems.com
16,Castech Pest Services,559-276-6600,dave@castechpest.com
17,Central Coast Termite,805-489-3070,cctermite@charter.net
18,Chem Free Inc,562-984-2525,chemfreemurphy@aol.com
19,Class Termite & Pest Control,310-328-7781,classtermite@yahoo.com
20,Coast Chem Exterminating,562-981-8433,None
21,Coastal Fumigation Inc.,805-868-9522,irodport@hotmail.com
22,Coastside Termite,650-726-6757,peter@coastsidetermite.com
23,Community Pest Control,626-577-4198,abias@prodigy.net
24,Contra Costa Termite Control,925-680-7665,cctermite@earthlink.net
25,Cost Le$$ Fumigation,408-918-9100,lori@costlessfumigation.com
26,CSI Exterminators,559-294-1779,jslusher@csi-ext.com
27,"D & S Termite, Pest Control  & Fumigations    (AMBD Inc)",619-462-5577,termitegrl@aol.com
28,Dan Eastham Termite Control,559-594-4388,dantermite@gmail.com
29,Die Hard Fumigation,909-620-4555,diehardfume@yahoo.com
30,"Driskell Fumigation, Inc",408-920-6353,e-mail@driskellfumigation.com
31,Ecola Services of Southern California,818-920-7301,info@ecolatermite.com
32,Ed Watson Termite Control,831-392-1422,KrSamb@aol.com
33,Escalera Pest Control,805-964-4651,None
34,Everready,805-633-9266,amyb@ertpc.com
35,Excellence Pest Control & Termites,323-401-0008,contact@excellencepestcontrol.com
36,Feather River Termite,530-533-6954,featherrivertermite@orocom.net
37,Fumigation Direct Inc.,760-521-0327,fumigationdirectinc@gmail.com
38,Gators Inc.,831-775-0720,fumecrew@outlook.com
39,Gold Coast Pest Control,805-494-3430,gold_coast_pest@verizon.net
40,Golden Empire Pest Control,661-588-2744,goldenempirepestcontrol@aol.com
41,Gordon Termite Control Inc,562-925-5800,bobgordon@gordontermite.com
42,Hydrex PC-Santa Clara County,408-978-0211,hydrexjason@gmail.com
43,Inside Out Pest Control,805-658-2994,melissap262@sbcglobal.net
44,Joshua's  Pest Control,858-547-9900,jwalton@moxiepestcontrol.com
45,"JP Termite, Inc",310-677-1140,jptermite@sbcglobal.net
46,Kennedy Pest Control Inc,760-630-5975,kennedypest@aol.com
47,Legion Pest Management,951-219-6588,legionpest@gmail.com
48,Liongate Pest Control,818-353-4800,liongatepest@verizon.net
49,Major League Pest,760-737-6810,paul@majorleaguepest.com
50,"Mann Vs Pest, Inc",619-674-7253,jerome@mannvspest.com
51,Marin Termite Control Co,415-456-9620,marinterm@aol.com
52,Mercury Termite & Pest Control,626-858-5300,mercurytermite@verizon.net
53,Morales Exterminating Company,626-572-7363,robert@moralesext.com
54,Morgan Bros./San Joaq.Pest Ctl,559-291-2200,sj_pc@yahoo.com
55,Mountain Home Pest Control,831-338-0888,mountainhomepestcontrol@hotmail.com
56,Neighborly Pest Mgmt  Inc,916-782-3767,jim@neighborlypest.com
57,Nor-Cal Pest Control,916-344-5156,norcalpc@sbcglobal.net
58,Northstar Exterminators,909-877-1810,lylerevans@outlook.com
59,Northstar Exterminators-West,909-877-1810,mattsevans@live.com
60,NU-Tech Pest Management,805-928-3839,nu.tech@verizon.net
61,"Otto Exterminating Co., Inc",818-200-3146,ottoexterminating@sbcglobal.net
62,Paramount Pest Services,559-277-4333,None
63,Pat's Affordable Fumigation & Inspections,707-577-8100,patsfume@comcast.net
64,"Payne Pest Management, Inc.",858-277-2228,wpayne@paynepestmgmt.com
65,Peace of Mind Pest Control,866-757-8480,info@pomteam.com
66,Pest Solutions Termite & Pest Control,323-569-7496,mmpestsolutions@yahoo.com
67,Pro Pacific Pest Control,760-480-4844,shane@propacificpest.com
68,Proven Termite SolutionsWeed Enterprises Dba,408-929-1992,info@proventermitesolutions.com
69,Quality Pest Control,909-593-4151,None
70,Quality Pest Services,714-630-4800,lee@qualitypestservices.net
71,Quantum Termite & Construction,714-630-7416,marc@quantumtermite.com
72,"R & C Fume, Inc",559-241-0151,rcfume@gmail.com
73,RNG Fume,714-605-1486,falloramirez@yahoo.com
74,Rousselle Inc.,562-692-0481,roussellefume@aol.com
75,Royalty Fumigation,562-630-6320,None
76,Ruddock's Termite Control,818-982-9827,None
77,San Diego Fume Works Company Inc,760-758-1869,sdfumeworksco@gmail.com
78,"SBM Fumigation, Inc.",310-719-2310,sbmfumigation@sbcglobal.net
79,Seacoast Termite & Pest Control,858-454-9563,bugmanlj@aol.com
80,"Simonsen Termite & Structural Pest Control, Inc.",415-524-6245,jeffsimonsen@sbcglobal.net
81,Sloan's Exterminators,805-647-4288,sloans1@sbcglobal.net
82,Sobrino's Termite & Pest Control,805-498-3026,sobrinotermite@verizon.net
83,Southwood Pest Control,714-579-7855,southwoodpest@aol.com
84,Squish It Termite,559-241-4900,sdziegiel@comcast.net
85,Stellar Termite Services,707-575-7827,mike@stellar-termite.com
86,Steve Howell Termite Control,831-375-2115,SteveHowell@MontereyTermite.com
87,Suncrest Exterminating,714-632-3600,officestaff@suncrestext.com
88,Target Pest Control,831-424-7308,None
89,"Taylor Brothers, Inc. dba RES-COM Pest  Control",559-685-8989,rescomceo@rescompestcontrol.com
90,The Fume Team Inc,619-880-5513,thefumeteam@gmail.com
91,The Termite King,310-985-0162,thetermiteking@yahoo.com
92,"Thrasher Termite/Pest Control, Inc.",408-354-9944,JThrasher@thrashertermite.com
93,Tri-Fume Inc,805-486-1727,None
94,United Termite and Home Services,916-265-5300,pauljr@unitedths.com
95,Unix Exterminating Company,626-914-1986,jredenbaugh@ymail.com
96,Ventura Pest Control,805-656-1545,chuck@venturapest.com
97,Willis Exterminators,760-597-1031,willis.exterminators@gmail.com
98,"Your Way Fumigation, Inc.",951-699-1866,manuel@ywfumigation.com
99,Zap Termite & Pest Control,916-987-9094,mrzap@zappest.com
100,1st Stryke Pest & Termite Solutions,310-995-2896,info@1ststrykesolutions.com
101,49'er Pest Control,530-677-7923,49ertermiteandpestcontrol@gmail.com
102,A 1 Termite & Pest Control Inc,213-388-4506,mikemhnam@aol.com
103,"A Step Above Pest Control, Inc",323-734-2704,tania@asapcontrol.com
104,A-1 Exterminators,209-465-5834,a-1exterminators@hotmail.com
105,A-Leave Pest Control,559-294-8633,a-leavepestcontrol@att.net
106,"A-Pro Pest Control, Inc",408-559-0933,aproinc1@aol.com
107,AAI Termite & Pest Control Inc,209-545-0789,acctgrp@aaipest.com
108,Aardvark Ant & Pest Control Inc.,619-579-5020,aardvark@sdcoxmail.com
109,"ABBA Termite & Pest Control, Inc.",562-698-9866,sam.bert@yahoo.com
110,"Access Exterminator Service, Inc.",714-630-6310,russ@accessext.com
111,Accu-Tech Exterminators,818-826-3329,marangonef@aol.com
112,Accurate Termite & Pest Solutions,707-725-3896,accuratepest707@gmail.com
113,Acnow Termite & Pest Control Inc,760-241-4477,acnowtermite@yahoo.com
114,Admiral Pest Control Inc,562-925-8308,jeff@admiralpest.com
115,Advanced Integrated Pest Management,916-786-2404,dscott@advancedipm.com
116,Advanced Pest Control,559-924-2850,None
117,Advantage Pest Control,530-637-1965,advantagepest@gmail.com
118,Aftermath Exterminating,619-722-6428,None
119,"Agrecom, Inc.",209-725-0391,mike@agrecom.net
120,Agricultural Pest Control Serv,858-536-2999,agrpest@aol.com
121,Airtight Environmental Pest Control,818-768-3549,steve@airtightpestcontrol.com
122,Algon Exterminating Co,619-561-1991,merry@algonpest.com
123,All American Pest Management,818-939-1077,michael.vermilion@gmail.com
124,All Clear Pest Control,916-230-2389,grantleeturner@gmail.com
125,All Pro Pest Control,661-298-2200,joseph@allpropestinc.com
126,All Time Pest Control Inc.,818-840-8200,claudia.studer@sbcglobal.net
127,All-Pro Termite & Pest Control,760-242-2344,mglassey@verizon.net
128,Allens Pest Control,805-458-0593,jason@allenspests.com
129,"AllerClean Pest Control, Inc.",818-368-8808,brucemosk@hotmail.com
130,Aloha Commerical Pest Services,323-263-7359,info@alohabugs.com
131,Already a Better Choice Termite & Pest Control Inc,626-401-0058,alreadyabetterchoiceinc@gmail.com
132,Amaze Pest Control,559-731-1622,amazepestcontrol@yahoo.com
133,American Rat Control,310-397-8275,americanratcontrol@gmail.com
134,"AMS PC, IncDBA: Orkin Pest Control of No. Calif.",530-566-1749,jshale939@sbcglobal.net
135,"Anchor Pest Control, Inc.",209-536-1981,info@anchorpest.com
136,Anna Montague & Claude English Partnership,760-961-8872,None
137,Apex Pest Control,916-454-2739,apexpest@aol.com
138,Area Wide Exterminators,209-464-4731,awe6912@aol.com
139,Armed Force Pest Control Inc.,707-987-9828,afpc.inc@aol.com
140,Aspen Pest Management,530-753-7378,haruspex@pobox.com
141,Assured Audit Pest Prevention,909-767-8940,joe@assuredaudit.com
142,ATCO Pest Control,415-898-2282,richard@atcopestcontrol.com
143,Authorized Pest Control,805-473-2847,None
144,Aztec Pest Control Services,619-286-7373,dbugaztec@hotmail.com
145,"Ban-A-Pest Pest, Inc.",310-673-0776,banapest@aol.com
146,Barrier Pest Solutions,916-683-2929,anthonymora.bps@gmail.com
147,"Bateman Termite Control and Pest Control, Inc.",310-214-2800,RCRMAN@aol.com
148,Bay Valley Pest Control,408-370-1603,bayvalleypest@aol.com
149,Bell Pest Control,916-685-6771,sales@bellpest.com
150,"Benchmark Pest Control, Inc",661-588-4869,aozanich@benchmarkpestcontrol.com
151,"Best Pest Service, Inc",650-588-7378,nbp522@yahoo.com
152,Best Price Pest Control,916-481-7700,ldprice55@yahoo.com
153,Better Pest Control Inc,559-294-8286,jerry@fresnolink.net
154,BG Inspections & Pest Control,707-410-7907,beetleman@comcast.net
155,Blutmans Pest Control,510-493-6802,sblutman@aol.com
156,Bob & Duffs Pest Control-whipjac Corp.,707-257-0411,bdcpest@yahoo.com
157,Bob's Community Pest Control,209-722-9923,BJBugman@comcast.net
158,"Bonner Pest Control, Inc",916-967-9231,bpc4u2003@yahoo.com
159,Borite Termite & Pest Treatments Corp.,818-386-0502,jack@borite.com
160,Bradshaw Pest Control,530-547-3013,None
161,Bradway's Bug Police Pest Control,760-669-8449,nathanbradway@hotmail.com
162,Brentwood Pest Control,310-473-1822,danielcbpc@hotmail.com
163,"Brezden Pest Control, Inc.",805-544-9446,sales@brezdenpest.com
164,Bug Patrol,661-810-9901,bugpatrol@msn.com
165,Bug Zappers Pest Control,925-825-2847,erichakes@mybugzappers.com
166,"Bugman Pest Control, Inc",916-361-1631,gavdillon@yahoo.com
167,"Bugman Termite & PC, The",714-992-1292,brian@thebugman.com
168,Byrd Pest Management,209-892-2973,john@byrdpest.com
169,C H Boddie Pest Control Inc.,310-839-9270,carlton@boddiepestmanagement.com
170,Cal Coast Termite & Pest Control,562-422-3566,info@calcoasttermite.com
171,Cal State Termite & Pest Ctl,559-896-9320,None
172,California American Extermintor,800-540-0658,nobugs@calamericanext.com
173,California Exterminating Serv,925-283-8514,calextsvc@sbcglobal.net
174,California Pest Control,209-992-1190,calpestcontrol@gmail.com
175,"California Pest Management, Inc",626-633-6620,calpestmgmt@yahoo.com
176,Canine Detection Services,559-480-5713,info@canine-detection.com
177,Carmel Valley Pest Control,858-350-8838,office@carmelvalleypc.com
178,Cascade Pest Systems,707-446-7760,michael@cascadepestsystems.com
179,Casner Exterminating Inc.,831-757-6000,wbellville@casnerexterminating.com
180,Castech Pest Services,559-276-6600,dave@castechpest.com
181,CATS USA Pest Control,818-506-1000,ytada@catspestcontrol.com
182,Central Coast Termite,805-489-3070,cctermite@charter.net
183,Centurion Pest Control,858-538-5400,rplatt@pacbell.net
184,Chem Free Inc,562-984-2525,chemfreemurphy@aol.com
185,Chino-Corona Valley Pest Management,909-615-0189,johnstpatrick@verizon.net
186,Choice Pest Control,626-836-7000,choicePest@earthlink.net
187,Circle Kustom Exterminators,951-340-0031,termitesll@aol.com
188,Class Termite & Pest Control,310-328-7781,classtermite@yahoo.com
189,"Club Pest Control, Inc.",661-299-2582,service@clubpestcontrol.com
190,Coachella Valley Pest Control Inc.,760-360-1200,coachellavalleypest@gmail.com
191,Coast Chem Exterminating,562-981-8433,None
192,Coastside Termite,650-726-6757,peter@coastsidetermite.com
193,Community Pest Control,626-577-4198,abias@prodigy.net
194,Corky's PC - Santa Ana,714-549-9525,corkyspcsa@aol.com
195,Crane Pest Control,415-922-1666,craneinfo@cranepestcontrol.com
196,CSI Exterminators,559-294-1779,jslusher@csi-ext.com
197,CTR Pest Management,661-259-7993,CTRPEST@aol.com
198,CVA Exterminators,661-775-4981,mail@cvaexterminators.com
199,"CVS Services, Inc",949-583-9616,cvsservices@cox.net
200,"D & R Termite Inspections, Inc.",707-773-3550,None
201,"D & S Termite, Pest Control  & Fumigations    (AMBD Inc)",619-462-5577,termitegrl@aol.com
202,D. L. Bruce Exterminating Inc,949-852-1733,klbruce@sbcglobal.net
203,Danny Terra Pest Control Inc.,707-372-9955,None
204,Davis Termite & Pest Co.,909-657-7378,davistermiteandpestco@gmail.com
205,"Dawnlee Pest Control, Inc",559-246-2230,dawnleepestcontrol@att.net
206,"DeAnza Termite & Pest Control, Inc",951-677-8770,mail@deanzatermite.com
207,Desert Pacific Exterminators,760-365-4912,n2marbles@roadrunner.com
208,"Direct Hit Pest Control, Inc",916-992-6870,pestchick01@sbcglobal.net
209,Diverse Inspection Service,415-665-8288,diverseinspections@sbcglobal.net
210,Don's Drop Dead Pest Control,818-241-3316,donsdropdead@gmail.com
211,"Donatelli's Fat Cat Exterminators, Inc",800-797-7329,tazmandd@yahoo.com
212,Dougolyn Pest Control,559-665-3258,dougolyn@hotmail.com
213,Downtown Pest Control,909-868-6773,downtownpestcontrol@gmail.com
214,Dustin Pest Control,559-275-2253,dustinpestcontrol@sbcglobal.net
215,Dynamite Exterminators,209-578-2847,tomkaten@dynamiteexterminators.com
216,E & K Pest Control,562-694-3441,None
217,East Valley Termite Company,925-443-6040,eastvalleytermite@sbcglobal.net
218,"Eco Home Safe, Inc.",818-886-2812,ecohomesafe@hotmail.com
219,EcoGuard Pest Management,916-817-2847,ecoguard1411@gmail.com
220,Ecola Services of Southern California,818-920-7301,info@ecolatermite.com
221,Econex Pest Control,949-232-1702,dwilbur@econexpest.com
222,Enviro-Care Pest/Termite Ctl,714-744-1411,geoffvint@aol.com
223,Eraticators Wildlife Pest Control,805-451-7287,onoarat@cox.net
224,Everready,805-633-9266,amyb@ertpc.com
225,Ex Cimex,619-253-4157,cam@excimex.com
226,Excellence Pest Control & Termites,323-401-0008,contact@excellencepestcontrol.com
227,Exterminetics of So California,714-835-1887,exterminetics@earthlink.net
228,Far East Pest Control,626-289-9348,fareastpestcontrol@earthlink.net
229,First Quality Pest Control,818-886-2847,Jgloz@aol.com
230,First Select Pest Control,510-759-3944,dominic@firstselectpestcontrol.com
231,Foothill Sierra Pest Control,209-532-7378,jimtassano@goldrush.com
232,Frazier Pest Control Inc,760-328-6115,julie@frazierpestcontrol.com
233,"Friend's Pest Control, Inc.",818-219-1423,allanrosell@att.net
234,Galvinized Termite and Pest Control,626-287-6683,galvinizedtpc@gmail.com
235,Gauden Exterminating,209-599-3692,termiteman@charter.net
236,Gavilan Pest Control,831-442-1915,gavilanpc@att.net
237,Gold Coast Pest Control,805-494-3430,gold_coast_pest@verizon.net
238,Gordon Termite Control Inc,562-925-5800,bobgordon@gordontermite.com
239,Green Dog Pest Services,951-790-2847,deanna@greendogpestservice.com
240,Greenleaf Organic Pest Mgmt,818-752-9989,mark.greenleafpest@gmail.com
241,Griffin Pest Management,888-400-9011,tjs@griffinpestmgmt.com
242,Haderle Pest Control,831-428-2757,haderlepestcontrol@gmail.com
243,"Happy Pest Control, Inc",510-886-1236,happypestcontrol@gmail.com
244,"Harmon Pest Control, Inc",209-522-1475,info@harmonpestcontrolinc.com
245,"Hearts Pest Management, Inc.",858-486-1006,hearts_pest@yahoo.com
246,Hines Pest & Weed Control,831-688-3391,None
247,Hodges Emergency Pest Services,916-833-9618,1-65malibu@comcast.net
248,Holland's Red Alert Pest Ctl,562-577-4664  cell,redalertpestcontrol@yahoo.com
249,"Home Defenders Termite/Pest Mgmt, Inc",909-337-8623,homedefenders@yahoo.com
250,Horizon Pest Management,925-250-9314,deltaops66@aol.com
251,Hydrex PC - Antelope Valley,661-251-8858,hydrex@sbcglobal.net
252,Hydrex PC-Sacramento,916-447-3922,None
253,Hydrex PC-San Diego,858-695-0455,None
254,Hydrex PC-Santa Clara County,408-978-0211,hydrexjason@gmail.com
255,Hydrex Pest Control of Glendale Burbank,818-248-5186,hydrexgb@hydrex.com
256,Hyer Pest Solutions,209-390-7966,carloskillsbugs@gmail.com
257,I Am Pest Control,661-330-7355,debuggin4you@outlook.com
258,I.V. Termite & Pest Control,760-352-4132,bluelake@hotmail.com
259,Innovative Pest Management,310-322-1999,None
260,"Intercept Pest Mgmt., Inc",818-992-8671,bernie@interceptpest.com
261,"IPM Tech Pest Mgmt, Inc",909-625-1720,laila@ipmservicesnow.com
262,J Spray Corporation,925-934-4286,None
263,"Janus Pest Management, Inc",888-526-8744,jayspicer@januspest.com
264,Jeff's Pest Control Service,530-247-1802,info@jeffspest.com
265,Jones Bros. Pest Control Inc.,916-852-8800,sjones@jonesbrospc.com
266,Joshua's  Pest Control,858-547-9900,jwalton@moxiepestcontrol.com
267,Kastle Kare Inc,805-484-8181,kastlekare@hotmail.com
268,Keith Bowles Pest Control,408-461-0300,bugman05@pacbell.net
269,Kennedy Pest Control Inc,760-630-5975,kennedypest@aol.com
270,Kern Pest Control,661-398-8619,None
271,"Keystone Pest Control, Inc.",510-782-8285,keystonepc@comcast.net
272,Koby Pest Control,530-626-6774,Koby@directcon.net
273,Kurt & Kyle Pest Control,805-652-7489,kurtandkylepestcontrol@yahoo.com
274,Lassen Pest Control,530-253-2232,dryrot@frontiernet.net
275,Legion Pest Management,951-219-6588,legionpest@gmail.com
276,Liongate Pest Control,818-353-4800,liongatepest@verizon.net
277,Little David Pest Control Inc,408-294-1955,service@littledavidpestcontrol.com
278,Major League Pest,760-737-6810,paul@majorleaguepest.com
279,"Mann Vs Pest, Inc",619-674-7253,jerome@mannvspest.com
280,Marquee Pest Management Inc.,510-683-9520,marqueeajp@aol.com
281,Marty Chance Exterminating,310-534-1677,mcexterm@aol.com
282,Mendo Lake Termite Control,707-964-7909,mltc2@comcast.net
283,Mercado and Son,626-968-0409,None
284,Mercury Termite & Pest Control,626-858-5300,mercurytermite@verizon.net
285,Mighty Bug Exterminators,714-635-8201,None
286,Mill's Pest Control,415-431-4236,mills1485@aol.com
287,Morales Exterminating Company,626-572-7363,robert@moralesext.com
288,Morgan Bros./San Joaq.Pest Ctl,559-291-2200,sj_pc@yahoo.com
289,Morse Termite & Pest Control,559-325-9400,info@morsepest.com
290,Mortons Urban Pest Management,707-966-3007,craigcmorton@earthlink.net
291,Mountain Home Pest Control,831-338-0888,mountainhomepestcontrol@hotmail.com
292,N Service Pest Management,626-926-6081,ch9ky4@aol.com
293,Neighborly Pest Mgmt  Inc,916-782-3767,jim@neighborlypest.com
294,"NixTermite, Inc.",619-472-6666,customerservice@nixtermite.com
295,Noble Enterprises Inc. Dba: The Noble Way Pest Control,916-929-9020,None
296,Northstar Exterminators,909-877-1810,lylerevans@outlook.com
297,Northstar Exterminators-West,909-877-1810,mattsevans@live.com
298,NU-Tech Pest Management,805-928-3839,nu.tech@verizon.net
299,OCAL Pest Control,951-394-2115,info@ocalpestcontrol.com
300,"Ojai Termite & Pest Control, Inc",805-646-6504,bugs@ojaitermite.com
301,"Onstar Pest Control, Inc",209-652-2407,onstarpco@aol.com
302,OSI Pest Elimination,559-936-0499,mcardoza@osipest.com
303,P.E.S.T. Machine Team of LA,714-960-7686,pest.machine@verizon.net
304,Pacifica Pest Control,714-838-2910,pacificapc@aol.com
305,Palmieri Pest Control,650-299-1964,jopalpest@aol.com
306,Palomar Termite & Pest Control,760-738-8212,palomartermite@hotmail.com
307,Paradise Pest Solutions,619-938-2847,brad@paradisepestsolutions.com
308,Paragon Pest Control,530-587-5743,None
309,Paramount Pest Services,559-277-4333,None
310,Parish Termite & Pest Management Inc,916-745-3801,info@parish-pest.com
311,"Payne Pest Management, Inc.",858-277-2228,wpayne@paynepestmgmt.com
312,Pegasus Pest Control,916-428-0578,None
313,Performance Pest Management,925-484-3400,billyeoman@sbcglobal.net
314,"Pest Detective, Inc.",916-652-5987,pestdetective@sbcglobal.net
315,Pest Options Inc,714-224-7378,bthompson@pestoptions.com
316,Pest Rx,951-662-9690,tim@pestrx.net
317,Pest Solutions Termite & Pest Control,323-569-7496,mmpestsolutions@yahoo.com
318,Pest X Bakersfield Termite & Pest Control,661-399-9214,pestx@att.net
319,Pestfinders,925-476-5410,jaimecol8@pestfinders.net
320,PestForce 1,818-997-7265,pnoud@mindspring.com
321,Pestgon Incorporated,877-724-8100,pestgon@PacBell.net
322,Pestmaster Services of Visalia,559-280-8727,pestmaster@clearwire.net
323,Pete's Termite & Pest Control,909-338-5270,currierp7@yahoo.com
324,"Pink Xterminators, Inc",844-361-1768,pinkxtinoco@gmail.com
325,"PMG Pest Control, Inc",619-410-7883,pmgpestcontrol@aol.com
326,"Primate Pest Elimination, Inc.",661-430-0949,info@primatepest.com
327,"Pro Active Pest Control, Inc.",916-380-0402,kyleturnerpest@gmail.com
328,Pro Pacific Pest Control,760-480-4844,shane@propacificpest.com
329,Pro Tech Pest Control,559-635-8448,rod@pro-techvisalia.com
330,ProCraft,909-436-5520,mike@procraft-pc.com
331,Professional Exterminators of No Cal,800-957-3787,norrup@msn.com
332,Professional Exterminators of Redding,530-559-5949,proexterminator@gmail.com
333,"Q Pest Control, Inc.",916-769-7585,kiuusa@yahoo.com
334,Quality Pest Control,909-593-4151,None
335,R P M Exterminators,408-445-1738,rpmexterminators@comcast.net
336,Redding Spray Service,530-221-3007,reddingspray@shasta.com
337,"RG Tech Pest Control, Inc.",559-871-3038,rgtechpestcontrol@gmail.com
338,Rid X Pest Disposal,661-729-3200,clbloodworth@gmail.com
339,Rio Linda Pest Control,916-247-8143,leewelch02@yahoo.com
340,Rob Bowlen Termite Co,925-383-6001,robbowlen@comcast.net
341,Robert May Termite/Pest Mgmt,909-337-0353,info@maypestcontrol.com
342,Rocklin Pest Control,916-630-1212,rocklinpestcontrol@sbcglobal.net
343,"Rodent Pest Technologies, Inc.",951-509-5594,angelot@rodentpesttech.com
344,Rousselle Inc.,562-692-0481,roussellefume@aol.com
345,Roy L Burge Inc,510-523-6100,burgepest@gmail.com
346,Ruddock's Termite Control,818-982-9827,None
347,S.T.O.Pests Pest Control,661-393-9284,stop_pest@yahoo.com
348,Safeguard PC/Mother Lode,209-267-1200,safegrd@goldrush.com
349,San Diego Pest & Termite,858-521-8876,earl@sdpestsolutions.com
350,Sanitech Pest Management,818-678-9877,staff@sanitechusa.com
351,Seacoast Termite & Pest Control,858-454-9563,bugmanlj@aol.com
352,"Sentry Pest Management, Inc.",714-642-6730,jonspest429@gmail.com
353,"Sentry Termite &  Pest Control, Inc.",805-527-8002,John@sentrypestpros.com
354,Shelby's Pest Control Inc,530-343-0603,None
355,Sierra Termite Control Inc,562-493-5700,darrylschultz@mac.com
356,Slater's Pest Control,707-829-2961,aj_slater@comcast.net
357,Sloan's Exterminators,805-647-4288,sloans1@sbcglobal.net
358,Smart Choice Pest Control,530-378-4599,buggmanu@yahoo.com
359,Smitty's Pest Control,559-230-1544,smittyspestcontrol@att.net
360,Sobrino's Termite & Pest Control,805-498-3026,sobrinotermite@verizon.net
361,"Sorenson Pest Control, Inc",530-846-4733,sue@sorensonpestcontrol.com
362,SOS  Pest Control,408-866-6609,info@sospestcontrol.com
363,South County Pest Control,951-676-5577,southerncaliforniapestcontrol@gmail.com
364,Southwood Pest Control,714-579-7855,southwoodpest@aol.com
365,Squish It Termite,559-241-4900,sdziegiel@comcast.net
366,Standard Termite & Pest Ctl,530-626-9694,jerry@termiteandpest.com
367,Stanley Pest Control,626-443-2847,ogonzales@stanleypest.com
368,Steve Despain Pest Control,805-466-2406,despainpest@charter.net
369,Structural Termite & PC Inc,951-687-7413,dasbell@sbcglobal.net
370,Suncrest Exterminating,714-632-3600,officestaff@suncrestext.com
371,"Sunwest Exterminators, Inc.",951-789-6040,sunwestext@aol.com
372,Superior Pest & Rodent Management,916-824-1130,kelly@superiorpestpro.com
373,"Tanler Environmental Services, Inc",310-673-7378,daisy@tanlertermite.com
374,"Taps Termite & Pest Specialists, Inc.",408-259-5900,tapsterm@gmail.com
375,Target Pest Control,831-424-7308,None
376,"Taylor Brothers, Inc. dba RES-COM Pest  Control",559-685-8989,rescomceo@rescompestcontrol.com
377,Tech-No-Pest Co.,714-992-6806,gary@technopestco.com
378,"Tehachapi Pest Control, Inc.",661-822-6600,None
379,Terra X Pest Services,831-234-1549,b.terra@sbcglobal.net
380,The Bee Man Pest Control,949-455-0123,Robert@beemanbuzz.com
381,The No Nonsense Termite Company Inc.,714-635-5111,nononsenseman@aol.com
382,The Pest Guys,916-714-3232,pestguys916@gmail.com
383,The Termite Guy,949-940-1010,alex@877termite.com
384,Thomasson Pest Control,559-674-2868,None
385,"Thrasher Termite/Pest Control, Inc.",408-354-9944,JThrasher@thrashertermite.com
386,"Tiger Termite Control, Inc.",909-597-6953,tigertermite@earthlink.net
387,Tony's Pest Control,661-714-6083,tonyspest@yahoo.com
388,Top Dog Detection,714-271-1101,david@topdogdetection.com
389,Total Exterminating Company,714-630-3215,total1donna@sbcglobal.net
390,Transaction Termite Inc,760-776-0850,termitesean@gmail.com
391,Trinity Termite & Pest Control,530-222-6990,trinitytermite@yahoo.com
392,True Heat Solutions,866-722-3372,info@trueheatsolutions.com
393,"Twin Termite, Pest Control & Construction, Inc.",916-344-8946,kyle@twintermite.com
394,United Termite and Home Services,916-265-5300,pauljr@unitedths.com
395,Valley Pest Services DBA Pestmaster Services of Desert Valley,760-344-5839,pestmasterdv@sbcglobal.net
396,Valley Pest Solutions,209-481-1338,terry@pestsolutions.com
397,Valley Wide Pest Control,559-285-8181,nathan@vwpc.us
398,Ventura Pest Control,805-656-1545,chuck@venturapest.com
399,Vester Pest Control,800-243-5993,armen@vesterpest.com
400,Victory Exterminating Inc,626-331-7288,bocking3@aol.com
401,Vineyard Valley Pest Control,951-676-6760,info@vvpest.com
402,Viper Pest Control,530-622-9924,viperpest@comcast.net
403,"Vital Signs Prof Real Estate Serv., Inc.",310-326-6939,harold@vitalsignstermite.com
404,W.A. Stone Termite's  Alternative To Fumigation,760-743-2847,control@wastone.com
405,We Care Pest Solutions,707-573-5899,bradwecare@comcast.net
406,West Oaks Pest Control,805-642-6077,westoakspest@aol.com
407,Weymouth Pest Control,559-233-1855,None
408,White Flag Pest Control,805-489-9987,None
409,Willis Exterminators,760-597-1031,willis.exterminators@gmail.com
410,Wine Country Termite & Pest Ctrl.,707-585-7955,judan95407@yahoo.com
411,Woodland-Davis Termite & PC,530-662-1234,jskowes@sbcglobal.net
412,Woods Pest Control Inc,530-229-0458,woodspc@c-zone.net
413,Wow Pest Control,661-418-7378,Samuel.dejong@wowpest.com
414,Year Around Termite & PC,310-542-4890,phil545@aol.com
415,Zamaak,650-921-2743,tiznadoa@yahoo.com
416,Zap Termite & Pest Control,916-987-9094,mrzap@zappest.com
417,Zenith Environmental Pest Control,818-990-6332,krauszlaw15915@aol.com
418,1st Stryke Pest & Termite Solutions,310-995-2896,info@1ststrykesolutions.com
419,49'er Pest Control,530-677-7923,49ertermiteandpestcontrol@gmail.com
420,A 1 Termite & Pest Control Inc,213-388-4506,mikemhnam@aol.com
421,AAI Termite & Pest Control Inc,209-545-0789,acctgrp@aaipest.com
422,"ABBA Termite & Pest Control, Inc.",562-698-9866,sam.bert@yahoo.com
423,"Access Exterminator Service, Inc.",714-630-6310,russ@accessext.com
424,Accu-Tech Exterminators,818-826-3329,marangonef@aol.com
425,Accurate Termite & Pest Solutions,707-725-3896,accuratepest707@gmail.com
426,Advanced Integrated Pest Management,916-786-2404,dscott@advancedipm.com
427,Aftermath Exterminating,619-722-6428,None
428,All-Pro Termite & Pest Control,760-242-2344,mglassey@verizon.net
429,Already a Better Choice Termite & Pest Control Inc,626-401-0058,alreadyabetterchoiceinc@gmail.com
430,Antique Termite Inc,408-995-6300,info@antiquetermite.com
431,Anytime Termite Control,657-859-6133,afcforensic@gmail.com
432,Apollo Termite Control,949-766-8330,apollotermite@aol.com
433,Area Wide Exterminators,209-464-4731,awe6912@aol.com
434,Aubreys Termite & Carpenter Ant Specialist,909-633-4869,aubreystermite@yahoo.com
435,Ax Termite Control,925-687-9977,paul@axtermite.com
436,Beach Cities Termite,714-658-2996,allank91301@gmail.com
437,Better Pest Control Inc,559-294-8286,jerry@fresnolink.net
438,BG Inspections & Pest Control,707-410-7907,beetleman@comcast.net
439,"BPC, Inc",805-650-6828,pat@bpcx.com
440,"Brezden Pest Control, Inc.",805-544-9446,sales@brezdenpest.com
441,Cal State Termite & Pest Ctl,559-896-9320,None
442,California Pest Control,209-992-1190,calpestcontrol@gmail.com
443,Cascade Pest Systems,707-446-7760,michael@cascadepestsystems.com
444,Castech Pest Services,559-276-6600,dave@castechpest.com
445,Central Coast Termite,805-489-3070,cctermite@charter.net
446,Chem Free Inc,562-984-2525,chemfreemurphy@aol.com
447,Coastside Termite,650-726-6757,peter@coastsidetermite.com
448,Community Pest Control,626-577-4198,abias@prodigy.net
449,Contra Costa Termite Control,925-680-7665,cctermite@earthlink.net
450,"CVS Services, Inc",949-583-9616,cvsservices@cox.net
451,Cypress Termite-Construction Company,831-372-1972,cypresstermite@gmail.com
452,Desert Pacific Exterminators,760-365-4912,n2marbles@roadrunner.com
453,"Diodati, Inc DbaGolden Gate Termite Control",650-348-2777,goldengatetermite@gmail.com
454,"Donatelli's Fat Cat Exterminators, Inc",800-797-7329,tazmandd@yahoo.com
455,Doug's Bugs,707-284-1084,info@dougs-bugs.com
456,Dustin Pest Control,559-275-2253,dustinpestcontrol@sbcglobal.net
457,"East Bay Structural & Termite Co., Inc.",510-652-4712,office@eastbaystructural.com
458,East Valley Termite Company,925-443-6040,eastvalleytermite@sbcglobal.net
459,"Eco Home Safe, Inc.",818-886-2812,ecohomesafe@hotmail.com
460,Ed Watson Termite Control,831-392-1422,KrSamb@aol.com
461,Escalade Termite and Repair Inc,916-250-4008,escaladetermite@aol.com
462,Escalera Pest Control,805-964-4651,None
463,Everready,805-633-9266,amyb@ertpc.com
464,Excellence Pest Control & Termites,323-401-0008,contact@excellencepestcontrol.com
465,Feather River Termite,530-533-6954,featherrivertermite@orocom.net
466,"Fungus Fighters Termite & Construction, Inc",707-557-5093,ffighters@sbcglobal.net
467,Galvinized Termite and Pest Control,626-287-6683,galvinizedtpc@gmail.com
468,Gauden Exterminating,209-599-3692,termiteman@charter.net
469,Golden Empire Pest Control,661-588-2744,goldenempirepestcontrol@aol.com
470,Gordon Termite Control Inc,562-925-5800,bobgordon@gordontermite.com
471,Griffin Pest Management,888-400-9011,tjs@griffinpestmgmt.com
472,"H R Wellington Construction, Inc",415-239-1700,jameshicks@wellingingtoninspection.onmicrosoft
473,Hi Tech Termite of the Bay Area,888-322-8889,sales@hitechtermite.com
474,Highlander Termite Control,530-672-8585,office@highlandertermite.com
475,Hines Pest & Weed Control,831-688-3391,None
476,"Home Defenders Termite/Pest Mgmt, Inc",909-337-8623,homedefenders@yahoo.com
477,Hydrex PC-Santa Clara County,408-978-0211,hydrexjason@gmail.com
478,Inside Out Pest Control,805-658-2994,melissap262@sbcglobal.net
479,JALD Enterprises Dba Accurate Termite Control,949-837-6483,jim@accuratetermitecontrol.com
480,John Charles Evans Inc,310-398-0018,jcevanstermite@sbcglobal.net
481,John Taylor Termite Company,925-757-6755,johnntaylortermite@sbcglobal.net
482,Kennedy Pest Control Inc,760-630-5975,kennedypest@aol.com
483,Kevins Termite,925-787-7179,kevintermite@yahoo.com
484,Lassen Pest Control,530-253-2232,dryrot@frontiernet.net
485,LCS Termite Company,323-357-1430,lcstermite@yahoo.com
486,Lingruen Associates,415-822-2324,lingruen.dh@sbcglobal.net
487,Major League Pest,760-737-6810,paul@majorleaguepest.com
488,"Mann Vs Pest, Inc",619-674-7253,jerome@mannvspest.com
489,Marin Termite Control Co,415-456-9620,marinterm@aol.com
490,Mercury Termite & Pest Control,626-858-5300,mercurytermite@verizon.net
491,Neighborly Pest Mgmt  Inc,916-782-3767,jim@neighborlypest.com
492,Northstar Exterminators,909-877-1810,lylerevans@outlook.com
493,Northstar Exterminators-West,909-877-1810,mattsevans@live.com
494,NU-Tech Pest Management,805-928-3839,nu.tech@verizon.net
495,"Ojai Termite & Pest Control, Inc",805-646-6504,bugs@ojaitermite.com
496,On Site Inspections,650-952-5173,steve@onsiteinspections.com
497,"Payne Pest Management, Inc.",858-277-2228,wpayne@paynepestmgmt.com
498,Pegasus Pest Control,916-428-0578,None
499,"Pest Detective, Inc.",916-652-5987,pestdetective@sbcglobal.net
500,Quality Pest Control,909-593-4151,None
501,Quantum Termite & Construction,714-630-7416,marc@quantumtermite.com
502,Rob Bowlen Termite Co,925-383-6001,robbowlen@comcast.net
503,Robert May Termite/Pest Mgmt,909-337-0353,info@maypestcontrol.com
504,Ruddock's Termite Control,818-982-9827,None
505,"Sandman Termite Co Inc, The",408-265-7400,sandman2102@aol.com
506,Scenic Coast Termite Control,805-226-8686,sctermite1@yahoo.com
507,Sheppard Termite Services,707-208-2102,sheppardtermite@sbcglobal.net
508,Sierra Termite Control Inc,562-493-5700,darrylschultz@mac.com
509,"Simonsen Termite & Structural Pest Control, Inc.",415-524-6245,jeffsimonsen@sbcglobal.net
510,Sloan's Exterminators,805-647-4288,sloans1@sbcglobal.net
511,Sobrino's Termite & Pest Control,805-498-3026,sobrinotermite@verizon.net
512,Southwood Pest Control,714-579-7855,southwoodpest@aol.com
513,Standard Termite & Pest Ctl,530-626-9694,jerry@termiteandpest.com
514,Stellar Termite Services,707-575-7827,mike@stellar-termite.com
515,Steve Howell Termite Control,831-375-2115,SteveHowell@MontereyTermite.com
516,Strickland Termite Control,707-443-3831,stricktermite@gmail.com
517,Structural Termite & PC Inc,951-687-7413,dasbell@sbcglobal.net
518,"Sunwest Exterminators, Inc.",951-789-6040,sunwestext@aol.com
519,"Tanler Environmental Services, Inc",310-673-7378,daisy@tanlertermite.com
520,"Taps Termite & Pest Specialists, Inc.",408-259-5900,tapsterm@gmail.com
521,Target Pest Control,831-424-7308,None
522,"Tehachapi Pest Control, Inc.",661-822-6600,None
523,Termite Inspection Experts,925-487-9153,fernandohr111@att.net
524,The Buena Vista Company,707-838-6291,buenavco@aol.com
525,The No Nonsense Termite Company Inc.,714-635-5111,nononsenseman@aol.com
526,"Thrasher Termite/Pest Control, Inc.",408-354-9944,JThrasher@thrashertermite.com
527,Tombstone Termite,951-781-8662,mscgreens@charter.net
528,Top Notch Termite Co. Inc,619-282-8771,tnt@topnotchtermite.com
529,Trinity Termite & Pest Control,530-222-6990,trinitytermite@yahoo.com
530,"Twin Termite, Pest Control & Construction, Inc.",916-344-8946,kyle@twintermite.com
531,United Termite and Home Services,916-265-5300,pauljr@unitedths.com
532,Unix Exterminating Company,626-914-1986,jredenbaugh@ymail.com
533,Valley View Termite Control,925-787-2118,valleyviewtc@gmail.com
534,Ventura Pest Control,805-656-1545,chuck@venturapest.com
535,"Vital Signs Prof Real Estate Serv., Inc.",310-326-6939,harold@vitalsignstermite.com
536,W.A. Stone Termite's  Alternative To Fumigation,760-743-2847,control@wastone.com
537,Wallace Termite & Construction,925-706-2424,wtcmite@comcast.net
538,We Care Pest Solutions,707-573-5899,bradwecare@comcast.net
539,Willis Exterminators,760-597-1031,willis.exterminators@gmail.com
540,Zap Termite & Pest Control,916-987-9094,mrzap@zappest.com
541,4-Less Termite Control,831-465-1699,4less@sbcglobal.net
542,49'er Pest Control,530-677-7923,49ertermiteandpestcontrol@gmail.com
543,A 1 Termite & Pest Control Inc,213-388-4506,mikemhnam@aol.com
544,"A-1 Bonded Termite, Inc.",714-502-9230,connie@a1bondedtermite.com
545,A-1 Exterminators,209-465-5834,a-1exterminators@hotmail.com
546,AAI Termite & Pest Control Inc,209-545-0789,acctgrp@aaipest.com
547,Aardvark Ant & Pest Control Inc.,619-579-5020,aardvark@sdcoxmail.com
548,"ABBA Termite & Pest Control, Inc.",562-698-9866,sam.bert@yahoo.com
549,"Access Exterminator Service, Inc.",714-630-6310,russ@accessext.com
550,Accurate Termite & Pest Solutions,707-725-3896,accuratepest707@gmail.com
551,"Acme Termite Company, Inc.",714-465-2041,ken@acmetermite.com
552,Acnow Termite & Pest Control Inc,760-241-4477,acnowtermite@yahoo.com
553,Admiral Pest Control Inc,562-925-8308,jeff@admiralpest.com
554,Advanced Integrated Pest Management,916-786-2404,dscott@advancedipm.com
555,Aftermath Exterminating,619-722-6428,None
556,Agricultural Pest Control Serv,858-536-2999,agrpest@aol.com
557,Algon Exterminating Co,619-561-1991,merry@algonpest.com
558,All-Pro Termite & Pest Control,760-242-2344,mglassey@verizon.net
559,Aloha Commerical Pest Services,323-263-7359,info@alohabugs.com
560,Alpine Exterminators/Westfall,626-338-8282,None
561,Already a Better Choice Termite & Pest Control Inc,626-401-0058,alreadyabetterchoiceinc@gmail.com
562,"AMS PC, IncDBA: Orkin Pest Control of No. Calif.",530-566-1749,jshale939@sbcglobal.net
563,Anna Montague & Claude English Partnership,760-961-8872,None
564,Antique Termite Inc,408-995-6300,info@antiquetermite.com
565,Anytime Termite Control,657-859-6133,afcforensic@gmail.com
566,Apollo Termite Control,949-766-8330,apollotermite@aol.com
567,Ararat Exterminators,925-682-7020,araratexterminators@gmail.com
568,Area Wide Exterminators,209-464-4731,awe6912@aol.com
569,Aspen Pest Management,530-753-7378,haruspex@pobox.com
570,ATCO Pest Control,415-898-2282,richard@atcopestcontrol.com
571,Aubreys Termite & Carpenter Ant Specialist,909-633-4869,aubreystermite@yahoo.com
572,Ax Termite Control,925-687-9977,paul@axtermite.com
573,"Ban-A-Pest Pest, Inc.",310-673-0776,banapest@aol.com
574,"Bateman Termite Control and Pest Control, Inc.",310-214-2800,RCRMAN@aol.com
575,Beach Cities Termite,714-658-2996,allank91301@gmail.com
576,Best Rate Termite,760-546-4239,jeff@best-rate-repair.com
577,Better Pest Control Inc,559-294-8286,jerry@fresnolink.net
578,BG Inspections & Pest Control,707-410-7907,beetleman@comcast.net
579,Biovent Termite,866-981-5301,gee@bioventtermite.com
580,Blairs Termite,818-771-1353,blairstc@att.net
581,Borite Termite & Pest Treatments Corp.,818-386-0502,jack@borite.com
582,"Bouey Termite Service, Inc.",916-733-0520,boueypest@yahoo.com
583,"BPC, Inc",805-650-6828,pat@bpcx.com
584,"Brezden Pest Control, Inc.",805-544-9446,sales@brezdenpest.com
585,"Bugman Termite & PC, The",714-992-1292,brian@thebugman.com
586,"Builders Termite, Inc.",562-278-2601,Builders.termite@att.net
587,C H Boddie Pest Control Inc.,310-839-9270,carlton@boddiepestmanagement.com
588,Cal Coast Termite & Pest Control,562-422-3566,info@calcoasttermite.com
589,Cal State Termite & Pest Ctl,559-896-9320,None
590,California Pest Control,209-992-1190,calpestcontrol@gmail.com
591,Capstone Extermination Services,408-923-2894,erickchapman@hotmail.com
592,Carmel Valley Pest Control,858-350-8838,office@carmelvalleypc.com
593,Cascade Pest Systems,707-446-7760,michael@cascadepestsystems.com
594,Casner Exterminating Inc.,831-757-6000,wbellville@casnerexterminating.com
595,Castech Pest Services,559-276-6600,dave@castechpest.com
596,CATS USA Pest Control,818-506-1000,ytada@catspestcontrol.com
597,Central Coast Termite,805-489-3070,cctermite@charter.net
598,Chem Free Inc,562-984-2525,chemfreemurphy@aol.com
599,Circle Kustom Exterminators,951-340-0031,termitesll@aol.com
600,Class Termite & Pest Control,310-328-7781,classtermite@yahoo.com
601,Coast Chem Exterminating,562-981-8433,None
602,Coastside Termite,650-726-6757,peter@coastsidetermite.com
603,Community Pest Control,626-577-4198,abias@prodigy.net
604,Contra Costa Termite Control,925-680-7665,cctermite@earthlink.net
605,Craig's Termite Co. Inc,714-785-0008,craigdebeauv@yahoo.com
606,CSI Exterminators,559-294-1779,jslusher@csi-ext.com
607,CVA Exterminators,661-775-4981,mail@cvaexterminators.com
608,"CVS Services, Inc",949-583-9616,cvsservices@cox.net
609,Cypress Termite-Construction Company,831-372-1972,cypresstermite@gmail.com
610,"D & R Termite Inspections, Inc.",707-773-3550,None
611,"D & S Termite, Pest Control  & Fumigations    (AMBD Inc)",619-462-5577,termitegrl@aol.com
612,Dan Eastham Termite Control,559-594-4388,dantermite@gmail.com
613,Davis Termite & Pest Co.,909-657-7378,davistermiteandpestco@gmail.com
614,"DeAnza Termite & Pest Control, Inc",951-677-8770,mail@deanzatermite.com
615,Desert Pacific Exterminators,760-365-4912,n2marbles@roadrunner.com
616,"Diodati, Inc DbaGolden Gate Termite Control",650-348-2777,goldengatetermite@gmail.com
617,Donald W Crow Termite Control,310-371-7411,None
618,"Donatelli's Fat Cat Exterminators, Inc",800-797-7329,tazmandd@yahoo.com
619,Doug's Bugs,707-284-1084,info@dougs-bugs.com
620,Dustin Pest Control,559-275-2253,dustinpestcontrol@sbcglobal.net
621,E & K Pest Control,562-694-3441,None
622,Earthwise Pest Management,916-668-8888,info@myearthwisepest.com
623,"East Bay Structural & Termite Co., Inc.",510-652-4712,office@eastbaystructural.com
624,East Valley Termite Company,925-443-6040,eastvalleytermite@sbcglobal.net
625,"Eco Home Safe, Inc.",818-886-2812,ecohomesafe@hotmail.com
626,Ecola Services of Southern California,818-920-7301,info@ecolatermite.com
627,Ed Watson Termite Control,831-392-1422,KrSamb@aol.com
628,"Eliminite Termite Services, Inc",619-334-0051,barry@eliminitetermite.com
629,Enviro-Care Pest/Termite Ctl,714-744-1411,geoffvint@aol.com
630,Escalade Termite and Repair Inc,916-250-4008,escaladetermite@aol.com
631,Escalera Pest Control,805-964-4651,None
632,Everready,805-633-9266,amyb@ertpc.com
633,Excellence Pest Control & Termites,323-401-0008,contact@excellencepestcontrol.com
634,Exterminetics of So California,714-835-1887,exterminetics@earthlink.net
635,Family Exterminator,909-946-0045,familytermite@aol.com
636,Far East Pest Control,626-289-9348,fareastpestcontrol@earthlink.net
637,Feather River Termite,530-533-6954,featherrivertermite@orocom.net
638,Fisk Termite Control Inc,510-237-7966,fisktermite@sbcglobal.net
639,Fraboni Termite Control Inc,408-287-8111,None
640,Franz Termite Control Corp,650-493-0445,mjudas@franztermite.com
641,Frazier Pest Control Inc,760-328-6115,julie@frazierpestcontrol.com
642,Fumigation Direct Inc.,760-521-0327,fumigationdirectinc@gmail.com
643,"Fungus Fighters Termite & Construction, Inc",707-557-5093,ffighters@sbcglobal.net
644,Galvinized Termite and Pest Control,626-287-6683,galvinizedtpc@gmail.com
645,Gauden Exterminating,209-599-3692,termiteman@charter.net
646,Giant Jim Pest Control,209-836-3931,giantjims@yahoo.com
647,Gold Coast Pest Control,805-494-3430,gold_coast_pest@verizon.net
648,Golden Empire Pest Control,661-588-2744,goldenempirepestcontrol@aol.com
649,Gordon Termite Control Inc,562-925-5800,bobgordon@gordontermite.com
650,Greenleaf Organic Pest Mgmt,818-752-9989,mark.greenleafpest@gmail.com
651,Griffin Pest Management,888-400-9011,tjs@griffinpestmgmt.com
652,"H R Wellington Construction, Inc",415-239-1700,jameshicks@wellingingtoninspection.onmicrosoft
653,"Harmon Pest Control, Inc",209-522-1475,info@harmonpestcontrolinc.com
654,Heat Solutions,818-252-5659,chris.heatsolutions@gmail.com
655,"Hi Tech Termite Control, Inc",858-874-5770,jwhitcomb@hi-techtermitecontrol.com
656,Hi Tech Termite of the Bay Area,888-322-8889,sales@hitechtermite.com
657,Highlander Termite Control,530-672-8585,office@highlandertermite.com
658,Holland's Red Alert Pest Ctl,562-577-4664  cell,redalertpestcontrol@yahoo.com
659,"Home Defenders Termite/Pest Mgmt, Inc",909-337-8623,homedefenders@yahoo.com
660,Horizon Pest Management,925-250-9314,deltaops66@aol.com
661,Hydrex PC-Sacramento,916-447-3922,None
662,Hydrex PC-San Diego,858-695-0455,None
663,Hydrex PC-Santa Clara County,408-978-0211,hydrexjason@gmail.com
664,Hydrex Pest Control of Glendale Burbank,818-248-5186,hydrexgb@hydrex.com
665,I.V. Termite & Pest Control,760-352-4132,bluelake@hotmail.com
666,Innova Termite & Pest Control Inc.,408-596-9368,patti@innovatermite.com
667,Innovative Pest Management,310-322-1999,None
668,Inside Out Pest Control,805-658-2994,melissap262@sbcglobal.net
669,J & M Termite Control Inc,650-969-5556,jmtermite@netscape.net
670,J.K. Control Inc,415-468-2002,None
671,JALD Enterprises Dba Accurate Termite Control,949-837-6483,jim@accuratetermitecontrol.com
672,John Charles Evans Inc,310-398-0018,jcevanstermite@sbcglobal.net
673,John Kowan Termite Control,310-540-2395,kowantermite@verizon.net
674,John Taylor Termite Company,925-757-6755,johnntaylortermite@sbcglobal.net
675,Joshua's  Pest Control,858-547-9900,jwalton@moxiepestcontrol.com
676,"JP Termite, Inc",310-677-1140,jptermite@sbcglobal.net
677,"Just Right Termite, Inc",619-415-5966,justrighttermite@cox.net
678,Ken Carroll Termite Company,408-806-1391,ken@kctermite.com
679,Kennedy Pest Control Inc,760-630-5975,kennedypest@aol.com
680,Kevins Termite,925-787-7179,kevintermite@yahoo.com
681,King Termite Control Inc,818-848-9877,None
682,Kurt & Kyle Pest Control,805-652-7489,kurtandkylepestcontrol@yahoo.com
683,Lassen Pest Control,530-253-2232,dryrot@frontiernet.net
684,LCS Termite Company,323-357-1430,lcstermite@yahoo.com
685,Legion Pest Management,951-219-6588,legionpest@gmail.com
686,Level Extermination,530-241-1598,levelx@att.net
687,Lingruen Associates,415-822-2324,lingruen.dh@sbcglobal.net
688,Liongate Pest Control,818-353-4800,liongatepest@verizon.net
689,Major League Pest,760-737-6810,paul@majorleaguepest.com
690,"Mann Vs Pest, Inc",619-674-7253,jerome@mannvspest.com
691,Marin Termite Control Co,415-456-9620,marinterm@aol.com
692,Marty Chance Exterminating,310-534-1677,mcexterm@aol.com
693,Mendo Lake Termite Control,707-964-7909,mltc2@comcast.net
694,Mercury Termite & Pest Control,626-858-5300,mercurytermite@verizon.net
695,Michael Ross Termite Control,530-273-6556,mikeross@ncws.com
696,Mid-Valley Termite Insp Svcs,530-872-1888,bugnuker@comcast.net
697,Mighty Bug Exterminators,714-635-8201,None
698,Millennium Termite Control,916-362-4400,be@mtpest.com
699,Morales Exterminating Company,626-572-7363,robert@moralesext.com
700,Morgan Bros./San Joaq.Pest Ctl,559-291-2200,sj_pc@yahoo.com
701,Morgan Termite Control Inc,626-968-9371,2morgan.tc@gmail.com
702,Morse Termite & Pest Control,559-325-9400,info@morsepest.com
703,Mountain Home Pest Control,831-338-0888,mountainhomepestcontrol@hotmail.com
704,N Service Pest Management,626-926-6081,ch9ky4@aol.com
705,Neighborly Pest Mgmt  Inc,916-782-3767,jim@neighborlypest.com
706,"NixTermite, Inc.",619-472-6666,customerservice@nixtermite.com
707,Northstar Exterminators,909-877-1810,lylerevans@outlook.com
708,Northstar Exterminators-West,909-877-1810,mattsevans@live.com
709,NU-Tech Pest Management,805-928-3839,nu.tech@verizon.net
710,"Ojai Termite & Pest Control, Inc",805-646-6504,bugs@ojaitermite.com
711,On Site Inspections,650-952-5173,steve@onsiteinspections.com
712,"Onstar Pest Control, Inc",209-652-2407,onstarpco@aol.com
713,Osborn Spray Service,925-837-4140,osbornspray@sbcglobal.net
714,"Otto Exterminating Co., Inc",818-200-3146,ottoexterminating@sbcglobal.net
715,"Pacific Coast Termite, Inc",714-669-1730,dennis@pacificcoasttermite.com
716,Palomar Termite & Pest Control,760-738-8212,palomartermite@hotmail.com
717,Paramount Pest Services,559-277-4333,None
718,Parish Termite & Pest Management Inc,916-745-3801,info@parish-pest.com
719,"Payne Pest Management, Inc.",858-277-2228,wpayne@paynepestmgmt.com
720,Peace of Mind Pest Control,866-757-8480,info@pomteam.com
721,Pegasus Pest Control,916-428-0578,None
722,"Pest Detective, Inc.",916-652-5987,pestdetective@sbcglobal.net
723,Pest Options Inc,714-224-7378,bthompson@pestoptions.com
724,Pest Solutions Termite & Pest Control,323-569-7496,mmpestsolutions@yahoo.com
725,Pestfinders,925-476-5410,jaimecol8@pestfinders.net
726,Pete's Termite & Pest Control,909-338-5270,currierp7@yahoo.com
727,"Preferred Termite Services, Inc.",408-532-6299,kim@preferredtermite.com
728,Prevention Inspection Services,415-370-9961,brethusted@yahoo.com
729,Prime Exterminators,408-275-0364,pat@primeexterminators.com
730,Professional Exterminators of No Cal,800-957-3787,norrup@msn.com
731,Proficient Termite Control,510-222-9199,ptc.pinole@yahoo.com
732,Proven Termite SolutionsWeed Enterprises Dba,408-929-1992,info@proventermitesolutions.com
733,"Quality Care Termite Control, Inc",949-348-8006,None
734,Quality Pest Control,909-593-4151,None
735,Quantum Termite & Construction,714-630-7416,marc@quantumtermite.com
736,Rid X Pest Disposal,661-729-3200,clbloodworth@gmail.com
737,Rob Bowlen Termite Co,925-383-6001,robbowlen@comcast.net
738,Robert May Termite/Pest Mgmt,909-337-0353,info@maypestcontrol.com
739,Rocklin Pest Control,916-630-1212,rocklinpestcontrol@sbcglobal.net
740,"Rodent Pest Technologies, Inc.",951-509-5594,angelot@rodentpesttech.com
741,Rousselle Inc.,562-692-0481,roussellefume@aol.com
742,Roy L Burge Inc,510-523-6100,burgepest@gmail.com
743,"Royal Termite Control, Inc.",626-284-4685,None
744,Ruddock's Termite Control,818-982-9827,None
745,Rush Termite & Pest Control,661-296-3393,rushtermite@yahoo.com
746,Safeguard PC/Mother Lode,209-267-1200,safegrd@goldrush.com
747,"SAM Termite, Inc.",805-728-5575,steve@samtermite.com
748,"Sandman Termite Co Inc, The",408-265-7400,sandman2102@aol.com
749,Scenic Coast Termite Control,805-226-8686,sctermite1@yahoo.com
750,Schork Inspection Services Inc.,707-571-8177,killabug4u@aol.com
751,Seacoast Termite & Pest Control,858-454-9563,bugmanlj@aol.com
752,"Sentry Termite &  Pest Control, Inc.",805-527-8002,John@sentrypestpros.com
753,Sheppard Termite Services,707-208-2102,sheppardtermite@sbcglobal.net
754,Sierra Termite Control Inc,562-493-5700,darrylschultz@mac.com
755,Silverado Termite Control,707-253-8949,silveradotermite@yahoo.com
756,"Simonsen Termite & Structural Pest Control, Inc.",415-524-6245,jeffsimonsen@sbcglobal.net
757,Sloan's Exterminators,805-647-4288,sloans1@sbcglobal.net
758,Sobrino's Termite & Pest Control,805-498-3026,sobrinotermite@verizon.net
759,Southwood Pest Control,714-579-7855,southwoodpest@aol.com
760,Squish It Termite,559-241-4900,sdziegiel@comcast.net
761,Standard Termite & Pest Ctl,530-626-9694,jerry@termiteandpest.com
762,Stellar Termite Services,707-575-7827,mike@stellar-termite.com
763,Steve Howell Termite Control,831-375-2115,SteveHowell@MontereyTermite.com
764,Strickland Termite Control,707-443-3831,stricktermite@gmail.com
765,Structural Termite & PC Inc,951-687-7413,dasbell@sbcglobal.net
766,Suncrest Exterminating,714-632-3600,officestaff@suncrestext.com
767,"Sunwest Exterminators, Inc.",951-789-6040,sunwestext@aol.com
768,T & T Exterminators,408-978-8669,termitesgo@sbcglobal.net
769,"Tanler Environmental Services, Inc",310-673-7378,daisy@tanlertermite.com
770,"Taps Termite & Pest Specialists, Inc.",408-259-5900,tapsterm@gmail.com
771,Target Pest Control,831-424-7308,None
772,"Taylor Brothers, Inc. dba RES-COM Pest  Control",559-685-8989,rescomceo@rescompestcontrol.com
773,Tech-No-Pest Co.,714-992-6806,gary@technopestco.com
774,"Tehachapi Pest Control, Inc.",661-822-6600,None
775,"Terminators Inc, The",408-298-3930,info@theterminators.com
776,Termite Inspection Experts,925-487-9153,fernandohr111@att.net
777,Termwright Structural PC,510-651-3702,termwright@gmail.com
778,The Buena Vista Company,707-838-6291,buenavco@aol.com
779,The Complete Termite Man,916-714-1164,completetermiteman@yahoo.com
780,The No Nonsense Termite Company Inc.,714-635-5111,nononsenseman@aol.com
781,The Termite Guy,949-940-1010,alex@877termite.com
782,The Termite King,310-985-0162,thetermiteking@yahoo.com
783,"Thrasher Termite & Pest Control of So Cal, Inc.",619-955-5121,info@thrasherpest.com
784,"Thrasher Termite/Pest Control, Inc.",408-354-9944,JThrasher@thrashertermite.com
785,"Tiger Termite Control, Inc.",909-597-6953,tigertermite@earthlink.net
786,Tombstone Termite,951-781-8662,mscgreens@charter.net
787,Top Notch Termite Co. Inc,619-282-8771,tnt@topnotchtermite.com
788,Total Exterminating Company,714-630-3215,total1donna@sbcglobal.net
789,Transaction Termite Inc,760-776-0850,termitesean@gmail.com
790,Tri County Pest Control,805-650-1550,acortez@tri-county-pest.com
791,Trinity Termite & Pest Control,530-222-6990,trinitytermite@yahoo.com
792,"Twin Termite, Pest Control & Construction, Inc.",916-344-8946,kyle@twintermite.com
793,Tyler Termite Control Inc.,408-927-6300  x10,mark@tylertermite.com
794,United Termite and Home Services,916-265-5300,pauljr@unitedths.com
795,Unix Exterminating Company,626-914-1986,jredenbaugh@ymail.com
796,Valley Pest Services DBA Pestmaster Services of Desert Valley,760-344-5839,pestmasterdv@sbcglobal.net
797,Valley View Termite Control,925-787-2118,valleyviewtc@gmail.com
798,Ventura Pest Control,805-656-1545,chuck@venturapest.com
799,Vester Pest Control,800-243-5993,armen@vesterpest.com
800,Victory Exterminating Inc,626-331-7288,bocking3@aol.com
801,Vista Termite,661-916-7456,vistatermite@gmail.com
802,"Vital Signs Prof Real Estate Serv., Inc.",310-326-6939,harold@vitalsignstermite.com
803,W.A. Stone Termite's  Alternative To Fumigation,760-743-2847,control@wastone.com
804,Wallace Termite & Construction,925-706-2424,wtcmite@comcast.net
805,We Care Pest Solutions,707-573-5899,bradwecare@comcast.net
806,Willis Exterminators,760-597-1031,willis.exterminators@gmail.com
807,Wine Country Termite & Pest Ctrl.,707-585-7955,judan95407@yahoo.com
808,Woodland-Davis Termite & PC,530-662-1234,jskowes@sbcglobal.net
809,Yamaguchi Termite Control,323-663-1161,pyamaguchi@earthlink.net
810,Year Around Termite & PC,310-542-4890,phil545@aol.com
811,Zap Termite & Pest Control,916-987-9094,mrzap@zappest.com
812,ZC & Associates Pest Control,650-992-1991,zchu@comcast.net
813,1st Stryke Pest & Termite Solutions,310-995-2896,info@1ststrykesolutions.com
814,49'er Pest Control,530-677-7923,49ertermiteandpestcontrol@gmail.com
815,AAI Termite & Pest Control Inc,209-545-0789,acctgrp@aaipest.com
816,"ABBA Termite & Pest Control, Inc.",562-698-9866,sam.bert@yahoo.com
817,"Access Exterminator Service, Inc.",714-630-6310,russ@accessext.com
818,Accu-Tech Exterminators,818-826-3329,marangonef@aol.com
819,Accurate Termite & Pest Solutions,707-725-3896,accuratepest707@gmail.com
820,Admiral Pest Control Inc,562-925-8308,jeff@admiralpest.com
821,Advanced Integrated Pest Management,916-786-2404,dscott@advancedipm.com
822,Advanced Pest Control,559-924-2850,None
823,"Agrecom, Inc.",209-725-0391,mike@agrecom.net
824,Agricultural Pest Control Serv,858-536-2999,agrpest@aol.com
825,Airtight Environmental Pest Control,818-768-3549,steve@airtightpestcontrol.com
826,All-Pro Termite & Pest Control,760-242-2344,mglassey@verizon.net
827,Aloha Commerical Pest Services,323-263-7359,info@alohabugs.com
828,Already a Better Choice Termite & Pest Control Inc,626-401-0058,alreadyabetterchoiceinc@gmail.com
829,"Amerigreen Technology, Inc  DBA Burrow Blocker",925-634-9204,info@burrowblocker.com
830,"Animal Damage Management, Inc",408-776-0080,animaldm@yahoo.com
831,Animal Pest Management Service,909-591-9551,dfox@animalpest.com
832,Area Wide Exterminators,209-464-4731,awe6912@aol.com
833,Barrier Pest Solutions,916-683-2929,anthonymora.bps@gmail.com
834,Bob & Duffs Pest Control-whipjac Corp.,707-257-0411,bdcpest@yahoo.com
835,Borite Termite & Pest Treatments Corp.,818-386-0502,jack@borite.com
836,Brentwood Pest Control,310-473-1822,danielcbpc@hotmail.com
837,"Brezden Pest Control, Inc.",805-544-9446,sales@brezdenpest.com
838,Bug Patrol,661-810-9901,bugpatrol@msn.com
839,Bug Zappers Pest Control,925-825-2847,erichakes@mybugzappers.com
840,"Bugman Pest Control, Inc",916-361-1631,gavdillon@yahoo.com
841,"Bugman Termite & PC, The",714-992-1292,brian@thebugman.com
842,Byrd Pest Management,209-892-2973,john@byrdpest.com
843,Cal State Termite & Pest Ctl,559-896-9320,None
844,California American Extermintor,800-540-0658,nobugs@calamericanext.com
845,California Exterminating Serv,925-283-8514,calextsvc@sbcglobal.net
846,"California Pest Management, Inc",626-633-6620,calpestmgmt@yahoo.com
847,Canine Detection Services,559-480-5713,info@canine-detection.com
848,Carmel Valley Pest Control,858-350-8838,office@carmelvalleypc.com
849,CATS USA Pest Control,818-506-1000,ytada@catspestcontrol.com
850,Chem Free Inc,562-984-2525,chemfreemurphy@aol.com
851,Choice Pest Control,626-836-7000,choicePest@earthlink.net
852,"Club Pest Control, Inc.",661-299-2582,service@clubpestcontrol.com
853,Community Pest Control,626-577-4198,abias@prodigy.net
854,CSI Exterminators,559-294-1779,jslusher@csi-ext.com
855,CTR Pest Management,661-259-7993,CTRPEST@aol.com
856,"CVS Services, Inc",949-583-9616,cvsservices@cox.net
857,Davis Termite & Pest Co.,909-657-7378,davistermiteandpestco@gmail.com
858,"Dawnlee Pest Control, Inc",559-246-2230,dawnleepestcontrol@att.net
859,Desert Pacific Exterminators,760-365-4912,n2marbles@roadrunner.com
860,Downtown Pest Control,909-868-6773,downtownpestcontrol@gmail.com
861,Dynamite Exterminators,209-578-2847,tomkaten@dynamiteexterminators.com
862,"Eco Home Safe, Inc.",818-886-2812,ecohomesafe@hotmail.com
863,Eraticators Wildlife Pest Control,805-451-7287,onoarat@cox.net
864,Everready,805-633-9266,amyb@ertpc.com
865,Excellence Pest Control & Termites,323-401-0008,contact@excellencepestcontrol.com
866,Exterminetics of So California,714-835-1887,exterminetics@earthlink.net
867,Foothill Sierra Pest Control,209-532-7378,jimtassano@goldrush.com
868,"Friend's Pest Control, Inc.",818-219-1423,allanrosell@att.net
869,Galvinized Termite and Pest Control,626-287-6683,galvinizedtpc@gmail.com
870,Gordon Termite Control Inc,562-925-5800,bobgordon@gordontermite.com
871,Green Dog Pest Services,951-790-2847,deanna@greendogpestservice.com
872,Griffin Pest Management,888-400-9011,tjs@griffinpestmgmt.com
873,"Hearts Pest Management, Inc.",858-486-1006,hearts_pest@yahoo.com
874,Heat Solutions,818-252-5659,chris.heatsolutions@gmail.com
875,Hines Pest & Weed Control,831-688-3391,None
876,"Home Defenders Termite/Pest Mgmt, Inc",909-337-8623,homedefenders@yahoo.com
877,Hydrex PC-San Diego,858-695-0455,None
878,Hydrex PC-Santa Clara County,408-978-0211,hydrexjason@gmail.com
879,I Am Pest Control,661-330-7355,debuggin4you@outlook.com
880,Innovative Pest Management,310-322-1999,None
881,"Intercept Pest Mgmt., Inc",818-992-8671,bernie@interceptpest.com
882,"Janus Pest Management, Inc",888-526-8744,jayspicer@januspest.com
883,Jones Bros. Pest Control Inc.,916-852-8800,sjones@jonesbrospc.com
884,Kastle Kare Inc,805-484-8181,kastlekare@hotmail.com
885,"Keystone Pest Control, Inc.",510-782-8285,keystonepc@comcast.net
886,Kurt & Kyle Pest Control,805-652-7489,kurtandkylepestcontrol@yahoo.com
887,Legion Pest Management,951-219-6588,legionpest@gmail.com
888,Liongate Pest Control,818-353-4800,liongatepest@verizon.net
889,Major League Pest,760-737-6810,paul@majorleaguepest.com
890,"Mann Vs Pest, Inc",619-674-7253,jerome@mannvspest.com
891,Marin Termite Control Co,415-456-9620,marinterm@aol.com
892,Mercury Termite & Pest Control,626-858-5300,mercurytermite@verizon.net
893,N Service Pest Management,626-926-6081,ch9ky4@aol.com
894,Northstar Exterminators,909-877-1810,lylerevans@outlook.com
895,Northstar Exterminators-West,909-877-1810,mattsevans@live.com
896,NU-Tech Pest Management,805-928-3839,nu.tech@verizon.net
897,OCAL Pest Control,951-394-2115,info@ocalpestcontrol.com
898,"Ojai Termite & Pest Control, Inc",805-646-6504,bugs@ojaitermite.com
899,OSI Pest Elimination,559-936-0499,mcardoza@osipest.com
900,Paradise Pest Solutions,619-938-2847,brad@paradisepestsolutions.com
901,Paramount Pest Services,559-277-4333,None
902,Pegasus Pest Control,916-428-0578,None
903,Performance Pest Management,925-484-3400,billyeoman@sbcglobal.net
904,"Pest Detective, Inc.",916-652-5987,pestdetective@sbcglobal.net
905,Pest Options Inc,714-224-7378,bthompson@pestoptions.com
906,PestForce 1,818-997-7265,pnoud@mindspring.com
907,Pestgon Incorporated,877-724-8100,pestgon@PacBell.net
908,Pestmaster Services of Visalia,559-280-8727,pestmaster@clearwire.net
909,"Pink Xterminators, Inc",844-361-1768,pinkxtinoco@gmail.com
910,Pro Pacific Pest Control,760-480-4844,shane@propacificpest.com
911,Professional Exterminators of Redding,530-559-5949,proexterminator@gmail.com
912,R P M Exterminators,408-445-1738,rpmexterminators@comcast.net
913,"RG Tech Pest Control, Inc.",559-871-3038,rgtechpestcontrol@gmail.com
914,Rid X Pest Disposal,661-729-3200,clbloodworth@gmail.com
915,Rio Linda Pest Control,916-247-8143,leewelch02@yahoo.com
916,Rob Bowlen Termite Co,925-383-6001,robbowlen@comcast.net
917,Robert May Termite/Pest Mgmt,909-337-0353,info@maypestcontrol.com
918,"Rodent Pest Technologies, Inc.",951-509-5594,angelot@rodentpesttech.com
919,Ruffled Feathers Bird Control,916-333-3900,ian@rfbirdcontrol.com
920,S.T.O.Pests Pest Control,661-393-9284,stop_pest@yahoo.com
921,San Diego Pest & Termite,858-521-8876,earl@sdpestsolutions.com
922,"Sentry Termite &  Pest Control, Inc.",805-527-8002,John@sentrypestpros.com
923,Slater's Pest Control,707-829-2961,aj_slater@comcast.net
924,Sobrino's Termite & Pest Control,805-498-3026,sobrinotermite@verizon.net
925,South County Pest Control,951-676-5577,southerncaliforniapestcontrol@gmail.com
926,Southwood Pest Control,714-579-7855,southwoodpest@aol.com
927,"Stafford Environmental Services, Inc. DBA Bird Solutions International",760-758-9747,jeff@birdsolutions.com
928,Standard Termite & Pest Ctl,530-626-9694,jerry@termiteandpest.com
929,Stanley Pest Control,626-443-2847,ogonzales@stanleypest.com
930,Steve Despain Pest Control,805-466-2406,despainpest@charter.net
931,Structural Termite & PC Inc,951-687-7413,dasbell@sbcglobal.net
932,Terra X Pest Services,831-234-1549,b.terra@sbcglobal.net
933,The Bee Man Pest Control,949-455-0123,Robert@beemanbuzz.com
934,The No Nonsense Termite Company Inc.,714-635-5111,nononsenseman@aol.com
935,The Pest Guys,916-714-3232,pestguys916@gmail.com
936,The Termite Guy,949-940-1010,alex@877termite.com
937,"Thrasher Termite/Pest Control, Inc.",408-354-9944,JThrasher@thrashertermite.com
938,Tony's Pest Control,661-714-6083,tonyspest@yahoo.com
939,Top Dog Detection,714-271-1101,david@topdogdetection.com
940,Total Exterminating Company,714-630-3215,total1donna@sbcglobal.net
941,Transaction Termite Inc,760-776-0850,termitesean@gmail.com
942,Valley Wide Pest Control,559-285-8181,nathan@vwpc.us
943,Ventura Pest Control,805-656-1545,chuck@venturapest.com
944,Vester Pest Control,800-243-5993,armen@vesterpest.com
945,Vineyard Valley Pest Control,951-676-6760,info@vvpest.com
946,West Oaks Pest Control,805-642-6077,westoakspest@aol.com
947,Wow Pest Control,661-418-7378,Samuel.dejong@wowpest.com
948,Zap Termite & Pest Control,916-987-9094,mrzap@zappest.com
949,"A-Pro Pest Control, Inc",408-559-0933,aproinc1@aol.com
950,AAI Termite & Pest Control Inc,209-545-0789,acctgrp@aaipest.com
951,Advanced Integrated Pest Management,916-786-2404,dscott@advancedipm.com
952,Agricultural Pest Control Serv,858-536-2999,agrpest@aol.com
953,All-Pro Termite & Pest Control,760-242-2344,mglassey@verizon.net
954,Animal Pest Management Service,909-591-9551,dfox@animalpest.com
955,Area Wide Exterminators,209-464-4731,awe6912@aol.com
956,Armed Force Pest Control Inc.,707-987-9828,afpc.inc@aol.com
957,Bob & Duffs Pest Control-whipjac Corp.,707-257-0411,bdcpest@yahoo.com
958,Borite Termite & Pest Treatments Corp.,818-386-0502,jack@borite.com
959,"Brezden Pest Control, Inc.",805-544-9446,sales@brezdenpest.com
960,"Bugman Pest Control, Inc",916-361-1631,gavdillon@yahoo.com
961,Cal State Termite & Pest Ctl,559-896-9320,None
962,California American Extermintor,800-540-0658,nobugs@calamericanext.com
963,California Exterminating Serv,925-283-8514,calextsvc@sbcglobal.net
964,Coachella Valley Pest Control Inc.,760-360-1200,coachellavalleypest@gmail.com
965,Corky's PC - Santa Ana,714-549-9525,corkyspcsa@aol.com
966,CTR Pest Management,661-259-7993,CTRPEST@aol.com
967,Dynamite Exterminators,209-578-2847,tomkaten@dynamiteexterminators.com
968,Eraticators Wildlife Pest Control,805-451-7287,onoarat@cox.net
969,Foothill Sierra Pest Control,209-532-7378,jimtassano@goldrush.com
970,"Friend's Pest Control, Inc.",818-219-1423,allanrosell@att.net
971,Gavilan Pest Control,831-442-1915,gavilanpc@att.net
972,Gordon Termite Control Inc,562-925-5800,bobgordon@gordontermite.com
973,"Harmon Pest Control, Inc",209-522-1475,info@harmonpestcontrolinc.com
974,"Hearts Pest Management, Inc.",858-486-1006,hearts_pest@yahoo.com
975,Hines Pest & Weed Control,831-688-3391,None
976,"Intercept Pest Mgmt., Inc",818-992-8671,bernie@interceptpest.com
977,J Spray Corporation,925-934-4286,None
978,Keith Bowles Pest Control,408-461-0300,bugman05@pacbell.net
979,"Mann Vs Pest, Inc",619-674-7253,jerome@mannvspest.com
980,Neighborly Pest Mgmt  Inc,916-782-3767,jim@neighborlypest.com
981,"NixTermite, Inc.",619-472-6666,customerservice@nixtermite.com
982,NU-Tech Pest Management,805-928-3839,nu.tech@verizon.net
983,Performance Pest Management,925-484-3400,billyeoman@sbcglobal.net
984,"Pest Detective, Inc.",916-652-5987,pestdetective@sbcglobal.net
985,Pest Options Inc,714-224-7378,bthompson@pestoptions.com
986,Pestmaster Services of Visalia,559-280-8727,pestmaster@clearwire.net
987,Pro Pacific Pest Control,760-480-4844,shane@propacificpest.com
988,Sloan's Exterminators,805-647-4288,sloans1@sbcglobal.net
989,SOS  Pest Control,408-866-6609,info@sospestcontrol.com
990,South County Pest Control,951-676-5577,southerncaliforniapestcontrol@gmail.com
991,Southwood Pest Control,714-579-7855,southwoodpest@aol.com
992,Stanley Pest Control,626-443-2847,ogonzales@stanleypest.com
993,Structural Termite & PC Inc,951-687-7413,dasbell@sbcglobal.net
994,Terra X Pest Services,831-234-1549,b.terra@sbcglobal.net
995,The Pest Guys,916-714-3232,pestguys916@gmail.com
996,The Termite Guy,949-940-1010,alex@877termite.com
997,Total Exterminating Company,714-630-3215,total1donna@sbcglobal.net
998,Valley Pest Solutions,209-481-1338,terry@pestsolutions.com
999,Vineyard Valley Pest Control,951-676-6760,info@vvpest.com
1000,West Oaks Pest Control,805-642-6077,westoakspest@aol.com
1001,Weymouth Pest Control,559-233-1855,None
1002,Woods Pest Control Inc,530-229-0458,woodspc@c-zone.net
1003,ABZ Pest Control,562-860-0825,zmike@abzpest.com
1004,Advanced Itnegrated Pest Management,916-441-0590,None
1005,Al and Sons Termite and Pest Control,310-322-1518,alandsonstermite@att.net
1006,All Cities Pest Control,619-284-8717,None
1007,All-Pro Termite &Pest Control,760-242-2344,None
1008,AllerClean Corp of Calif,818-993-4554,None
1009,American City Pest Control,800-842-3181,None
1010,American City Pest Control,800-842-3181,None
1011,American City Pest Control,310-542-8622,None
1012,American Pest Control,619-668-4801,None
1013,American Pest Control,619-668-4801,None
1014,American Pest Control,619-668-4801,None
1015,Antimite,619-571-5088,None
1016,Antimite,805-647-8900,None
1017,"Applied Pest Management, Inc.",707-554-0111,apm.sac.manager@att.net
1018,Assertive Pest Management,877-955-7378,None
1019,Atlas Pest Management,951-961-3549,None
1020,Aztec Pest Control Service,619-286-7373,None
1021,B.J.'s Consumers Choice,209-668-3133,m.bowen@att.net
1022,B.J.'s Consumers Choice PC,209-722-1968,None
1023,B.J.'s Consumers Choice PC,209-668-3133,None
1024,B.J.'s Consumers Choice PC,209-668-3133,grichardjohnson@att.net
1025,B.J.'s Consumers Choice PC,209-668-3133,boatmitchy@gmail.com
1026,B.J.'s Consumers Choice PC,209-577-4334,None
1027,B.J.'s Consumers Choice PC,209-668-3133,None
1028,B.J.'s Consumers Choice PC,209-848-3510,None
1029,B.J.'s Consumers Choice PC,209-826-0255,None
1030,B.J.'s Consumers Choice PC,209-668-3133,None
1031,B.J.'s Consumers Choice PC,209-668-3135,None
1032,B.J.'s Consumers Choice PC,209-668-3133,None
1033,"Bee Best Bee Removal, Inc",619-464-2057,beebestinc@sbcglobal.net
1034,"Bee Best Bee Removal, Inc",619-464-2057,None
1035,Big Time Pest Control,530-242-8830,mike@bigtimepestcontrol.com
1036,"Brezden Pest Control, Inc.",805-544-9446,sales@brezdenpest.com
1037,"Brezden Pest Control, Inc.",805-544-9446,None
1038,Care Pest Solutions,661-951-1843,None
1039,Carter's Pest Control,805-578-0117,None
1040,Casner Exterminating Co,831-633-9000,None
1041,CH Boddie Pest Control,310-839-9270,None
1042,Chelsea Pest & Termite Control,619-276-1920,None
1043,Chelsea Pest & Termite Control,619-276-1920,None
1044,Clark Pest Control,661-948-7518,None
1045,Clark Pest Control,661-635-3535,None
1046,Clark Pest Control,661-255-2253,None
1047,Clark Pest Control,661-255-2253,None
1048,Clark Pest Control,661-255-2253,None
1049,Clark Pest Control,661-948-7518,None
1050,Clark Pest Control,661-255-2253,None
1051,Clark Pest Control,661-635-3535,None
1052,Clark Pest Control,661-325-7211,None
1053,Clark Pest Control,848-457-8183,None
1054,Clark Pest Control,661-255-2253,None
1055,Clark Pest Control,661-255-2253,None
1056,Clark Pest Control,805-922-3885,None
1057,Clark Pest Control,661-948-7518,None
1058,"Clark Pest Control, Inc.-Lodi",805-339-9215,None
1059,Clark Pest Control-Lodi,848-457-8183,Iclark@clarkpest.com
1060,Cliff's Pest Control,909-887-1862,None
1061,"Cragoe Pest Services, Inc",805-446-7003,marcallday@yahoo.com
1062,CVA Extermintors,661-775-4981,mail@cvaexterminators.com
1063,Dewey Pest Control,818-898-1600,None
1064,Dewey Pest Control,818-989-1600,None
1065,Dewey Pest Control,909-547-2074,sammakhani@yahoo.com
1066,Dewey Pest Control,909-825-8513,None
1067,Dewey Pest Control,909-825-8513,None
1068,Dewey Pest Control,661-255-5228,None
1069,Dewey Pest Control,818-989-1600,None
1070,Dewey Pest Control,818-989-1600,None
1071,Dewey Pest Control,661-255-5228,None
1072,Dewey Pest Services Dba,714-750-1051,None
1073,Dewey Pest Services Dba,562-428-8894,None
1074,Dewey Pest Services Dba,818-989-1600,None
1075,"Ecola Services, Inc",800-332-2847,David@ecolatermite.com
1076,Elite Pest Management,909-420-9527,None
1077,Ever/Safe Exterminating,310-679-1428,None
1078,Expert Pest Control Inc,818-898-4898,None
1079,Expert Pest Control Inc,818-898-4898,None
1080,Gordon Termite Contl,562-925-5800,None
1081,Harbor Pest Control Inc,619-584-8155,None
1082,Harbor Pest Control Inc,619-584-8155,None
1083,Harbor Pest Control Inc,619-584-8155,None
1084,Harbor Pest Control Inc,619-584-8155,None
1085,Hydrex Pest Control,818-988-2226,None
1086,IPM Biocare Inc,800-799-2273,None
1087,Kelly Pest Control,510-715-8349,john.kelly8@comcast.net
1088,Killer Bee Pest Control,760-329-3847,None
1089,Leading Edge Termite Treatment,925-689-2222,None
1090,M & M Termite & pest Control,805-499-8596,None
1091,Monterey Bay Pest Control,831-394-7378,None
1092,Monterey Bay Pest Control,831-394-7378,montereybaypestcontrol@gmail.com
1093,Morton's Urban Pest Management,707-966-3007,None
1094,North Point Pest Solutions,415-785-7480,uramos37@yahoo.com
1095,North Point Pest Solutions,415-785-7480,northpointpestsolutions@msn.com
1096,Orange County Pest Control Inc,949-586-8700,None
1097,Orkin Exterminating,949-548-2214,pcopps@rollinscorp.com
1098,P.E.S.T. Machine of LA,714-960-7686,pest.machine@verizon.net
1099,"Palm Springs Pest Control, Inc",760-202-0248,None
1100,"Pest Control Center, Inc.",916-344-4400,sscoville@pestcontrolcenter.com
1101,Pestcom,805-520-9101,None
1102,Plateau Pest Solutions,619-507-5575,terry@plateaupestcontrol.com
1103,Pro-Pest Inc.,818-505-6241,None
1104,"Pro-Pest, Inc",818-505-6240,None
1105,R&D Pest Services,909-949-4323,jfrdpest@yahoo.com
1106,Remedy Pest Solutions,310-562-9231,None
1107,Remus Pest Elimination,323-934-2797,a.casillas22@yahoo.com
1108,Remus Pest Elimination,323-934-2797,esne@sbcglobal.net
1109,Remus Pest Elimination,909-464-0677,None
1110,Remus Pest Elimination,323-934-2797,youngzilla2005@verizon.net
1111,Riverside County Pest Control,760-360-3000,None
1112,"Rudy's Termite & Pest Control, Inc",760-775-7216,None
1113,"Rudy's Termite & Pest Control, Inc",760-775-7216,None
1114,San Diego Pest Solutions,858-521-8876,earl@sdpestsolutions.com
1115,Sniper Pest Control Inc,916-247-5819,info@sniperpestcontrol.net
1116,Snyders Pest Control,800-570-7378,None
1117,Standard Termite & Pest Control,415-661-7378,None
1118,Sunny and Sons Pest Control,760-673-6365,None
1119,Terminix,619-268-3824,None
1120,"Terminix Int'l Co. L.P., The",916-773-9557,bpierce@terminix.com
1121,Vanguard Pest Control,714-240-5162,red_a_team@yahoo.com
1122,Western Exterminator Co.,661-327-0949,None
1123,Western Exterminator Co.,805-692-5033,None
1124,Western Exterminator Co.,818-989-1100,None
1125,Western Exterminator Co.,510-638-8264,None
1126,Western Exterminator Co.,619-579-1656,None
1127,Western Exterminator Co.,909-698-9077,None
1128,Western Exterminator Co.,661-273-8188,None
1129,Western Exterminator Co.,714-517-9000,None
1130,Western Exterminator Co.,714-517-9000,None
1131,Western Exterminator Co.,213-382-8151,None
1132,Western Exterminator Co.,213-382-8151,None
1133,Western Exterminator Co.,310-645-1116,None
1134,Western Exterminator Co.,805-485-4449,None
1135,Western Exterminator Co.,805-485-4449,None
1136,Western Exterminator Co.,805-692-5033,None
1137,Western Exterminator Co.,510-386-9101,None
1138,Western Exterminator Company,619-579-1656,None
1139,Western Exterminator Company,619-579-1656,None
1140,Western Exterminator Company,619-579-1656,None
1141,Western Exterminator Company,619-579-1656,None
1142,Western Exterminator Company,619-579-1656,None
1143,"Wine Country Termite & Pest Control, Inc.",707-585-7955,None
1144,Woodmans Pest Control,530-693-1267,woodmans@comcast.net
1145,None,800-264-0870,None
1146,Cal State Termite & Pest Ctl,559-896-9320,None
1147,Canine Detection Services,559-480-5713,info@canine-detection.com
1148,CTR Pest Management,661-259-7993,CTRPEST@aol.com
1149,Galvinized Termite and Pest Control,626-287-6683,galvinizedtpc@gmail.com
1150,Green Dog Pest Services,951-790-2847,deanna@greendogpestservice.com
1151,Heat Solutions,818-252-5659,chris.heatsolutions@gmail.com
1152,Hydrex PC-Santa Clara County,408-978-0211,hydrexjason@gmail.com
1153,Legion Pest Management,951-219-6588,legionpest@gmail.com
1154,Major League Pest,760-737-6810,paul@majorleaguepest.com
1155,"Mann Vs Pest, Inc",619-674-7253,jerome@mannvspest.com
1156,Pro Pacific Pest Control,760-480-4844,shane@propacificpest.com
1157,Professional Exterminators of Redding,530-559-5949,proexterminator@gmail.com
1158,Terra X Pest Services,831-234-1549,b.terra@sbcglobal.net
1159,Top Dog Detection,714-271-1101,david@topdogdetection.com
1160,Valley Wide Pest Control,559-285-8181,nathan@vwpc.us
